{
  "koppen_id": 2,
  "koppen_name": "Savanna (Aw)",
  "n_train": 385372,
  "n_test": 95532,
  "metrics": {
    "n_fixed": 103,
    "train_r2": 0.35028482314315224,
    "test_r2": 0.29479637241804146,
    "test_mae": 0.015910542696188246,
    "test_rmse": 0.02220556932790588
  },
  "drop_group_delta": {
    "Energy": 0.06432873589773876,
    "SurfaceWater": 0.009663185410565744,
    "RootWater": 0.0991754201988996
  },
  "drop_group_bootstrap": {
    "Energy": {
      "mean": 0.06432873589773876,
      "std": 0.002049592536389987,
      "ci_low": 0.06043052213346712,
      "ci_high": 0.06824755941706254
    },
    "SurfaceWater": {
      "mean": 0.009663185410565744,
      "std": 0.0011439654104415113,
      "ci_low": 0.007544225983211553,
      "ci_high": 0.01201930259150622
    },
    "RootWater": {
      "mean": 0.0991754201988996,
      "std": 0.0026326351796464855,
      "ci_low": 0.09421229217485878,
      "ci_high": 0.10441177744452462
    }
  },
  "drop_column_delta": {
    "VPDa_8mean": 0.040756739514200516,
    "SWa_8mean": 0.01698455257744824,
    "Tmaxa_8mean": 0.013549415019532343,
    "SMa_L1_8mean": 0.006354502314695635,
    "PPTa_8sum": 0.003760996516891848,
    "SMa_L2_8mean": 0.01765185246510619,
    "SMa_L3_8mean": 0.031234981287694547
  },
  "drop_column_bootstrap": {
    "VPDa_8mean": {
      "mean": 0.040756739514200516,
      "std": 0.001660307450636002,
      "ci_low": 0.037479351627381474,
      "ci_high": 0.04408062013612505
    },
    "SWa_8mean": {
      "mean": 0.01698455257744824,
      "std": 0.00145418834455883,
      "ci_low": 0.014136343735788115,
      "ci_high": 0.019792018772567244
    },
    "Tmaxa_8mean": {
      "mean": 0.013549415019532343,
      "std": 0.0010151090413466522,
      "ci_low": 0.011554949194947711,
      "ci_high": 0.015589369963577801
    },
    "SMa_L1_8mean": {
      "mean": 0.006354502314695635,
      "std": 0.0009387167406513729,
      "ci_low": 0.004535158871799619,
      "ci_high": 0.008202478727172134
    },
    "PPTa_8sum": {
      "mean": 0.003760996516891848,
      "std": 0.0010353995163544186,
      "ci_low": 0.0019257412495747028,
      "ci_high": 0.005928630100812687
    },
    "SMa_L2_8mean": {
      "mean": 0.01765185246510619,
      "std": 0.001352518132850698,
      "ci_low": 0.015050289255798807,
      "ci_high": 0.020364562836242925
    },
    "SMa_L3_8mean": {
      "mean": 0.031234981287694547,
      "std": 0.0017059875712254946,
      "ci_low": 0.027995133995587385,
      "ci_high": 0.034613146662362294
    }
  },
  "shap_feature": {
    "VPDa_8mean": 0.005738799547447204,
    "SWa_8mean": 0.0019291929775087924,
    "Tmaxa_8mean": 0.002917848998935009,
    "SMa_L1_8mean": 0.002727036568643975,
    "PPTa_8sum": 0.000817492541011218,
    "SMa_L2_8mean": 0.005502678962779588,
    "SMa_L3_8mean": 0.004894982883895847
  },
  "shap_group": {
    "Energy": 0.010585841523891006,
    "SurfaceWater": 0.003544529109655193,
    "RootWater": 0.010397661846675435
  },
  "partial_r2": {
    "VPDa_8mean": 0.03442649140161931,
    "SWa_8mean": 0.006449586381474814,
    "Tmaxa_8mean": 0.008635936056133782,
    "SMa_L1_8mean": 0.0011486969045624862,
    "PPTa_8sum": 0.000548515393360267,
    "SMa_L2_8mean": 0.01586698089394032,
    "SMa_L3_8mean": 0.02708197333262192
  }
}