{
  "koppen_id": 4,
  "koppen_name": "Semi-arid (BS)",
  "n_train": 148609,
  "n_test": 36693,
  "metrics": {
    "n_fixed": 89,
    "train_r2": 0.4659056938724432,
    "test_r2": 0.3347964663171926,
    "test_mae": 0.010940357039986755,
    "test_rmse": 0.017481296580451108
  },
  "drop_group_delta": {
    "Energy": 0.052087190065448125,
    "SurfaceWater": 0.013904051580905165,
    "RootWater": 0.132454525489245
  },
  "drop_group_bootstrap": {
    "Energy": {
      "mean": 0.052087190065448125,
      "std": 0.003419968306021331,
      "ci_low": 0.045189552416270345,
      "ci_high": 0.05860183634948936
    },
    "SurfaceWater": {
      "mean": 0.013904051580905165,
      "std": 0.0025571159727324406,
      "ci_low": 0.009245784162372397,
      "ci_high": 0.019007232050823615
    },
    "RootWater": {
      "mean": 0.132454525489245,
      "std": 0.005823059426156116,
      "ci_low": 0.12064795612360614,
      "ci_high": 0.14422375252979242
    }
  },
  "drop_column_delta": {
    "VPDa_8mean": 0.024272852200803052,
    "SWa_8mean": 0.01383970697420605,
    "Tmaxa_8mean": 0.009151189281382695,
    "SMa_L1_8mean": 0.006833484724918844,
    "PPTa_8sum": 0.0022747901433571023,
    "SMa_L2_8mean": 0.02128250077616135,
    "SMa_L3_8mean": 0.04101073454144165
  },
  "drop_column_bootstrap": {
    "VPDa_8mean": {
      "mean": 0.024272852200803052,
      "std": 0.0027073063864245634,
      "ci_low": 0.01886747650057976,
      "ci_high": 0.02945454169798674
    },
    "SWa_8mean": {
      "mean": 0.01383970697420605,
      "std": 0.0023743531578385687,
      "ci_low": 0.009122763701507816,
      "ci_high": 0.018434158425427092
    },
    "Tmaxa_8mean": {
      "mean": 0.009151189281382695,
      "std": 0.002035569489571199,
      "ci_low": 0.0053181946460138406,
      "ci_high": 0.013398517305938856
    },
    "SMa_L1_8mean": {
      "mean": 0.006833484724918844,
      "std": 0.0021296489577651563,
      "ci_low": 0.002691110598493782,
      "ci_high": 0.010721431076673423
    },
    "PPTa_8sum": {
      "mean": 0.0022747901433571023,
      "std": 0.0021473693250782244,
      "ci_low": -0.0016919667836941127,
      "ci_high": 0.006467624510595943
    },
    "SMa_L2_8mean": {
      "mean": 0.02128250077616135,
      "std": 0.002855844980319004,
      "ci_low": 0.01566704780693461,
      "ci_high": 0.026555197971849326
    },
    "SMa_L3_8mean": {
      "mean": 0.04101073454144165,
      "std": 0.004005932535030942,
      "ci_low": 0.033211390228522014,
      "ci_high": 0.04916273823707571
    }
  },
  "shap_feature": {
    "VPDa_8mean": 0.0061807784356735914,
    "SWa_8mean": 0.001290033541257454,
    "Tmaxa_8mean": 0.003032545001435884,
    "SMa_L1_8mean": 0.0019541566146188565,
    "PPTa_8sum": 0.0005850992334047939,
    "SMa_L2_8mean": 0.0045444529911713655,
    "SMa_L3_8mean": 0.0037157903563434023
  },
  "shap_group": {
    "Energy": 0.01050335697836693,
    "SurfaceWater": 0.0025392558480236502,
    "RootWater": 0.008260243347514767
  },
  "partial_r2": {
    "VPDa_8mean": 0.01987550787522352,
    "SWa_8mean": 0.0002126443550208654,
    "Tmaxa_8mean": 0.007694533693098797,
    "SMa_L1_8mean": 0.0010024773333778127,
    "PPTa_8sum": 0.000443644417902701,
    "SMa_L2_8mean": 0.03228345708218905,
    "SMa_L3_8mean": 0.04058033498469379
  }
}