{
  "koppen_id": 5,
  "koppen_name": "Temperate + Med",
  "n_train": 135158,
  "n_test": 33524,
  "metrics": {
    "n_fixed": 102,
    "train_r2": 0.48141043541022477,
    "test_r2": 0.36508321956207723,
    "test_mae": 0.012398379335807187,
    "test_rmse": 0.018089357388821614
  },
  "drop_group_delta": {
    "Energy": 0.06702717127178494,
    "SurfaceWater": 0.01177046987934077,
    "RootWater": 0.15047184662678934
  },
  "drop_group_bootstrap": {
    "Energy": {
      "mean": 0.06702717127178494,
      "std": 0.004454409792361608,
      "ci_low": 0.0584133995353488,
      "ci_high": 0.075947044414153
    },
    "SurfaceWater": {
      "mean": 0.01177046987934077,
      "std": 0.0025629910410231217,
      "ci_low": 0.006658695982291185,
      "ci_high": 0.01650538634645452
    },
    "RootWater": {
      "mean": 0.15047184662678934,
      "std": 0.005909176695501487,
      "ci_low": 0.13913145935001386,
      "ci_high": 0.16221695027145924
    }
  },
  "drop_column_delta": {
    "VPDa_8mean": 0.01908242572257921,
    "SWa_8mean": 0.03770790158381061,
    "Tmaxa_8mean": 0.013071390249362446,
    "SMa_L1_8mean": 0.005359878129310673,
    "PPTa_8sum": 0.004358704299020885,
    "SMa_L2_8mean": 0.017979420618630726,
    "SMa_L3_8mean": 0.05720993748585696
  },
  "drop_column_bootstrap": {
    "VPDa_8mean": {
      "mean": 0.01908242572257921,
      "std": 0.0027990065200838863,
      "ci_low": 0.013532438547449033,
      "ci_high": 0.024502517645422887
    },
    "SWa_8mean": {
      "mean": 0.03770790158381061,
      "std": 0.0038623440585792016,
      "ci_low": 0.029956465778362477,
      "ci_high": 0.04488612525587941
    },
    "Tmaxa_8mean": {
      "mean": 0.013071390249362446,
      "std": 0.002272547388041662,
      "ci_low": 0.00849901883221072,
      "ci_high": 0.017402547905282166
    },
    "SMa_L1_8mean": {
      "mean": 0.005359878129310673,
      "std": 0.002379897363535201,
      "ci_low": 0.0009003831594370627,
      "ci_high": 0.009917024167489687
    },
    "PPTa_8sum": {
      "mean": 0.004358704299020885,
      "std": 0.002295535734415164,
      "ci_low": -8.016941118869076e-05,
      "ci_high": 0.008883232556868362
    },
    "SMa_L2_8mean": {
      "mean": 0.017979420618630726,
      "std": 0.002752186532339434,
      "ci_low": 0.012937411500257956,
      "ci_high": 0.023698347958047265
    },
    "SMa_L3_8mean": {
      "mean": 0.05720993748585696,
      "std": 0.004157728710088391,
      "ci_low": 0.04911637741049666,
      "ci_high": 0.06491270427675641
    }
  },
  "shap_feature": {
    "VPDa_8mean": 0.0050000278789970555,
    "SWa_8mean": 0.003126415098184733,
    "Tmaxa_8mean": 0.00148489416394331,
    "SMa_L1_8mean": 0.0034459510243878538,
    "PPTa_8sum": 0.0007483526296989186,
    "SMa_L2_8mean": 0.005131475400928055,
    "SMa_L3_8mean": 0.005585442966041025
  },
  "shap_group": {
    "Energy": 0.009611337141125099,
    "SurfaceWater": 0.0041943036540867725,
    "RootWater": 0.010716918366969079
  },
  "partial_r2": {
    "VPDa_8mean": 0.022307719938689206,
    "SWa_8mean": 0.031365195306946016,
    "Tmaxa_8mean": 0.0014954854781058177,
    "SMa_L1_8mean": 0.004915239785800258,
    "PPTa_8sum": 0.00028675983850568333,
    "SMa_L2_8mean": 0.016056635597351734,
    "SMa_L3_8mean": 0.05731586797521235
  }
}