{
  "koppen_id": 3,
  "koppen_name": "Desert (BW)",
  "n_train": 76146,
  "n_test": 18694,
  "metrics": {
    "n_fixed": 62,
    "train_r2": 0.4828890469192324,
    "test_r2": 0.3667249930501538,
    "test_mae": 0.008448809496095373,
    "test_rmse": 0.013672992285050055
  },
  "drop_group_delta": {
    "Energy": 0.05671290857640777,
    "SurfaceWater": 0.011706779854929454,
    "RootWater": 0.15332250159308858
  },
  "drop_group_bootstrap": {
    "Energy": {
      "mean": 0.05671290857640777,
      "std": 0.005422635426451766,
      "ci_low": 0.04535773671198719,
      "ci_high": 0.06671447995284466
    },
    "SurfaceWater": {
      "mean": 0.011706779854929454,
      "std": 0.0037046621555906576,
      "ci_low": 0.004160897508288158,
      "ci_high": 0.018853110693608847
    },
    "RootWater": {
      "mean": 0.15332250159308858,
      "std": 0.00955056810009613,
      "ci_low": 0.1345959051350756,
      "ci_high": 0.17127787972611225
    }
  },
  "drop_column_delta": {
    "VPDa_8mean": 0.032027362941459366,
    "SWa_8mean": 0.00759461357522435,
    "Tmaxa_8mean": 0.01271453983375156,
    "SMa_L1_8mean": 0.010387173720789242,
    "PPTa_8sum": -0.0029291653703058403,
    "SMa_L2_8mean": 0.03112945833348523,
    "SMa_L3_8mean": 0.0531374988394689
  },
  "drop_column_bootstrap": {
    "VPDa_8mean": {
      "mean": 0.032027362941459366,
      "std": 0.004766713193802313,
      "ci_low": 0.022819232936947754,
      "ci_high": 0.04138800444017172
    },
    "SWa_8mean": {
      "mean": 0.00759461357522435,
      "std": 0.002904022726655522,
      "ci_low": 0.0018410495016195378,
      "ci_high": 0.013245839825577343
    },
    "Tmaxa_8mean": {
      "mean": 0.01271453983375156,
      "std": 0.0031721210043033823,
      "ci_low": 0.006747527135330239,
      "ci_high": 0.01853803069908977
    },
    "SMa_L1_8mean": {
      "mean": 0.010387173720789242,
      "std": 0.003026801787912488,
      "ci_low": 0.004585666431542157,
      "ci_high": 0.01649649174546127
    },
    "PPTa_8sum": {
      "mean": -0.0029291653703058403,
      "std": 0.00317165197502121,
      "ci_low": -0.00905276496499571,
      "ci_high": 0.0031284993429709874
    },
    "SMa_L2_8mean": {
      "mean": 0.03112945833348523,
      "std": 0.003602363742227405,
      "ci_low": 0.023923921208694264,
      "ci_high": 0.038307175462355875
    },
    "SMa_L3_8mean": {
      "mean": 0.0531374988394689,
      "std": 0.007123053581318815,
      "ci_low": 0.0386545740483612,
      "ci_high": 0.06654070139198476
    }
  },
  "shap_feature": {
    "VPDa_8mean": 0.004484756822063336,
    "SWa_8mean": 0.0007082576019068974,
    "Tmaxa_8mean": 0.0021355816029472344,
    "SMa_L1_8mean": 0.0005336649541288298,
    "PPTa_8sum": 0.000587244745138462,
    "SMa_L2_8mean": 0.002613097521198069,
    "SMa_L3_8mean": 0.0020953546235175503
  },
  "shap_group": {
    "Energy": 0.007328596026917468,
    "SurfaceWater": 0.0011209096992672919,
    "RootWater": 0.00470845214471562
  },
  "partial_r2": {
    "VPDa_8mean": 0.028747291927343384,
    "SWa_8mean": 7.62482778572661e-05,
    "Tmaxa_8mean": 0.010500320014401338,
    "SMa_L1_8mean": 0.0004593288824486497,
    "PPTa_8sum": 0.001195439717280576,
    "SMa_L2_8mean": 0.025446610664467215,
    "SMa_L3_8mean": 0.058223148410375875
  }
}