{
  "koppen_id": 1,
  "koppen_name": "Tropical (Af/Am)",
  "n_train": 56739,
  "n_test": 13660,
  "metrics": {
    "n_fixed": 84,
    "train_r2": 0.5798385248297722,
    "test_r2": 0.40365678697157426,
    "test_mae": 0.019206967373548354,
    "test_rmse": 0.025245261936343678
  },
  "drop_group_delta": {
    "Energy": 0.0892544073957089,
    "SurfaceWater": 0.013245491118168282,
    "RootWater": 0.13185083414632873
  },
  "drop_group_bootstrap": {
    "Energy": {
      "mean": 0.0892544073957089,
      "std": 0.005859581648678535,
      "ci_low": 0.07756037474394269,
      "ci_high": 0.10052710532092615
    },
    "SurfaceWater": {
      "mean": 0.013245491118168282,
      "std": 0.003313912414689491,
      "ci_low": 0.006938482801525181,
      "ci_high": 0.019699077352407897
    },
    "RootWater": {
      "mean": 0.13185083414632873,
      "std": 0.008415480917291674,
      "ci_low": 0.11529927579935983,
      "ci_high": 0.14755430977967623
    }
  },
  "drop_column_delta": {
    "VPDa_8mean": 0.05175223042136096,
    "SWa_8mean": 0.033373705533281804,
    "Tmaxa_8mean": 0.019951330594332538,
    "SMa_L1_8mean": 0.005875894613862855,
    "PPTa_8sum": 0.007327179160175115,
    "SMa_L2_8mean": 0.010972267210881044,
    "SMa_L3_8mean": 0.04803854979025893
  },
  "drop_column_bootstrap": {
    "VPDa_8mean": {
      "mean": 0.05175223042136096,
      "std": 0.004875687271508199,
      "ci_low": 0.04222222226128653,
      "ci_high": 0.061308530501716314
    },
    "SWa_8mean": {
      "mean": 0.033373705533281804,
      "std": 0.0043131304062799134,
      "ci_low": 0.024531320554404188,
      "ci_high": 0.04224734488921996
    },
    "Tmaxa_8mean": {
      "mean": 0.019951330594332538,
      "std": 0.003245497400810022,
      "ci_low": 0.013211066158146347,
      "ci_high": 0.026444693019504337
    },
    "SMa_L1_8mean": {
      "mean": 0.005875894613862855,
      "std": 0.003082215134908114,
      "ci_low": -6.548395122199509e-05,
      "ci_high": 0.011694780839078425
    },
    "PPTa_8sum": {
      "mean": 0.007327179160175115,
      "std": 0.002980376654392245,
      "ci_low": 0.001720674347594009,
      "ci_high": 0.013264589492520226
    },
    "SMa_L2_8mean": {
      "mean": 0.010972267210881044,
      "std": 0.0033440667221170746,
      "ci_low": 0.004376608606188675,
      "ci_high": 0.017444849959091777
    },
    "SMa_L3_8mean": {
      "mean": 0.04803854979025893,
      "std": 0.006153704313036775,
      "ci_low": 0.03594733365282031,
      "ci_high": 0.06012208040224658
    }
  },
  "shap_feature": {
    "VPDa_8mean": 0.007980580966414096,
    "SWa_8mean": 0.004171921913672822,
    "Tmaxa_8mean": 0.00369127797131847,
    "SMa_L1_8mean": 0.0036256858921447283,
    "PPTa_8sum": 0.0008846557843398465,
    "SMa_L2_8mean": 0.004411098357843544,
    "SMa_L3_8mean": 0.01131130978121803
  },
  "shap_group": {
    "Energy": 0.015843780851405385,
    "SurfaceWater": 0.004510341676484575,
    "RootWater": 0.015722408139061575
  },
  "partial_r2": {
    "VPDa_8mean": 0.042360701496699175,
    "SWa_8mean": 0.019125832096621987,
    "Tmaxa_8mean": 0.011465445947641675,
    "SMa_L1_8mean": 0.0014716496632204538,
    "PPTa_8sum": 0.00016732652629324534,
    "SMa_L2_8mean": 0.008200730868806662,
    "SMa_L3_8mean": 0.08058528208300252
  }
}